game_hour,item_id,quantity,revenue,real_elapsed_s
0,down_bun,1,3,58.4
0,tomato,1,6,58.4
0,meat,3,45,58.4
0,top_bun,1,3,58.4
0.5,down_bun,1,3,73.0
0.5,tomato,1,6,73.0
0.5,cheese,1,5,73.0
0.5,meat,2,30,73.0
0.5,top_bun,1,3,73.0
0.5,down_bun,1,3,87.7
0.5,tomato,3,18,87.7
0.5,onion,1,5,87.7
0.5,lettuce,1,4,87.7
0.5,top_bun,1,3,87.7
0.5,down_bun,1,3,95.0
0.5,meat,1,15,95.0
0.5,lettuce,1,4,95.0
0.5,top_bun,1,3,95.0
0.5,down_bun,1,3,106.9
0.5,meat,2,30,106.9
0.5,lettuce,1,4,106.9
0.5,onion,1,5,106.9
0.5,top_bun,1,3,106.9
1,down_bun,1,3,152.5
1,onion,1,5,152.5
1,meat,3,45,152.5
1,lettuce,1,4,152.5
1,top_bun,1,3,152.5
1,down_bun,1,3,158.4
1,cheese,2,10,158.4
1,top_bun,1,3,158.4
1,down_bun,1,3,169.9
1,tomato,1,6,169.9
1,onion,2,10,169.9
1,top_bun,1,3,169.9
1.5,down_bun,1,3,180.9
1.5,meat,3,45,180.9
1.5,tomato,1,6,180.9
1.5,lettuce,1,4,180.9
1.5,top_bun,1,3,180.9
1.5,down_bun,1,3,186.6
1.5,tomato,2,12,186.6
1.5,top_bun,1,3,186.6
1.5,down_bun,1,3,199.1
1.5,onion,1,5,199.1
1.5,cheese,1,5,199.1
1.5,top_bun,1,3,199.1
1.5,down_bun,1,3,206.8
1.5,onion,1,5,206.8
1.5,lettuce,1,4,206.8
1.5,tomato,1,6,206.8
1.5,top_bun,1,3,206.8
1.5,down_bun,1,3,228.3
1.5,tomato,2,12,228.3
1.5,onion,1,5,228.3
1.5,cheese,1,5,228.3
1.5,meat,1,15,228.3
1.5,top_bun,1,3,228.3
1.5,down_bun,1,3,235.3
1.5,meat,2,30,235.3
1.5,top_bun,1,3,235.3
2,down_bun,1,3,253.4
2,cheese,1,5,253.4
2,meat,1,15,253.4
2,tomato,1,6,253.4
2,lettuce,1,4,253.4
2,onion,1,5,253.4
2,top_bun,1,3,253.4
2,down_bun,1,3,266.2
2,meat,2,30,266.2
2,lettuce,1,4,266.2
2,onion,1,5,266.2
2,cheese,1,5,266.2
2,top_bun,1,3,266.2
2,down_bun,1,3,280.4
2,cheese,1,5,280.4
2,tomato,1,6,280.4
2,top_bun,1,3,280.4
2,down_bun,1,3,287.0
2,meat,1,15,287.0
2,lettuce,2,8,287.0
2,top_bun,1,3,287.0
2,down_bun,1,3,297.2
2,onion,1,5,297.2
2,lettuce,1,4,297.2
2,top_bun,1,3,297.2
2.5,down_bun,1,3,329.7
2.5,tomato,1,6,329.7
2.5,lettuce,1,4,329.7
2.5,onion,1,5,329.7
0.5,down_bun,1,3,60.0
0.5,cheese,1,5,60.0
0.5,tomato,2,12,60.0
0.5,meat,1,15,60.0
0.5,top_bun,1,3,60.0
0.5,down_bun,1,3,66.2
0.5,cheese,2,10,66.2
0.5,onion,1,5,66.2
0.5,top_bun,1,3,66.2
0.5,down_bun,1,3,79.7
0.5,onion,2,10,79.7
0.5,top_bun,1,3,79.7
0.5,down_bun,1,3,88.2
0.5,cheese,2,10,88.2
0.5,tomato,1,6,88.2
0.5,meat,1,15,88.2
0.5,lettuce,1,4,88.2
0.5,top_bun,1,3,88.2
0.5,down_bun,1,3,107.7
0.5,lettuce,2,8,107.7
0.5,onion,1,5,107.7
0.5,top_bun,1,3,107.7
0.5,down_bun,1,3,115.8
0.5,lettuce,2,8,115.8
0.5,onion,1,5,115.8
0.5,tomato,2,12,115.8
0.5,top_bun,1,3,115.8
1,down_bun,1,3,128.0
1,lettuce,1,4,128.0
1,onion,1,5,128.0
1,top_bun,1,3,128.0
1,down_bun,1,3,133.5
1,onion,1,5,133.5
1,tomato,1,6,133.5
1,top_bun,1,3,133.5
1,down_bun,1,3,146.3
1,lettuce,1,4,146.3
1,tomato,1,6,146.3
1,meat,2,30,146.3
1,top_bun,1,3,146.3
1,down_bun,1,3,173.8
1,cheese,1,5,173.8
1,lettuce,2,8,173.8
1,tomato,1,6,173.8
1,top_bun,1,3,173.8
1.5,down_bun,1,3,189.2
1.5,meat,3,45,189.2
1.5,lettuce,1,4,189.2
1.5,onion,1,5,189.2
1.5,top_bun,1,3,189.2
1.5,down_bun,1,3,209.4
1.5,cheese,2,10,209.4
1.5,onion,1,5,209.4
1.5,top_bun,1,3,209.4
2,down_bun,1,3,26.5
2,cheese,1,5,26.5
2,tomato,1,6,26.5
2,top_bun,1,3,26.5
2,down_bun,1,3,76.8
2,meat,2,30,76.8
2,lettuce,1,4,76.8
2,cheese,2,10,76.8
2,top_bun,1,3,76.8
2.5,down_bun,1,3,86.1
2.5,lettuce,1,4,86.1
2.5,meat,1,15,86.1
2.5,tomato,1,6,86.1
2.5,cheese,1,5,86.1
2.5,top_bun,1,3,86.1
2.5,down_bun,1,3,97.5
2.5,cheese,1,5,97.5
2.5,lettuce,1,4,97.5
2.5,onion,1,5,97.5
2.5,tomato,1,6,97.5
2.5,top_bun,1,3,97.5
2.5,down_bun,1,3,108.3
2.5,lettuce,1,4,108.3
2.5,meat,1,15,108.3
2.5,tomato,1,6,108.3
2.5,top_bun,1,3,108.3
2.5,down_bun,1,3,132.0
2.5,meat,1,15,132.0
2.5,cheese,2,10,132.0
2.5,onion,2,10,132.0
2.5,top_bun,1,3,132.0
3,down_bun,1,3,150.9
3,tomato,2,12,150.9
3,lettuce,1,4,150.9
3,onion,1,5,150.9
3,top_bun,1,3,150.9
3,down_bun,1,3,162.9
3,meat,2,30,162.9
3,tomato,1,6,162.9
3,lettuce,1,4,162.9
3,onion,1,5,162.9
3,top_bun,1,3,162.9
3,down_bun,1,3,177.8
3,cheese,2,10,177.8
3,tomato,1,6,177.8
3,top_bun,1,3,177.8
3,down_bun,1,3,186.0
3,onion,1,5,186.0
3,meat,1,15,186.0
3,cheese,1,5,186.0
3,tomato,1,6,186.0
3,top_bun,1,3,186.0
3,down_bun,1,3,195.2
3,onion,1,5,195.2
3,tomato,1,6,195.2
3,top_bun,1,3,195.2
3.5,down_bun,1,3,216.2
3.5,meat,2,30,216.2
3.5,tomato,1,6,216.2
3.5,onion,1,5,216.2
3.5,top_bun,1,3,216.2
3.5,down_bun,1,3,244.2
3.5,tomato,1,6,244.2
3.5,lettuce,2,8,244.2
3.5,top_bun,1,3,244.2
3.5,down_bun,1,3,254.9
3.5,cheese,2,10,254.9
3.5,onion,2,10,254.9
3.5,tomato,1,6,254.9
3.5,top_bun,1,3,254.9
4,down_bun,1,3,278.4
4,lettuce,2,8,278.4
4,onion,1,5,278.4
4,meat,1,15,278.4
4,tomato,1,6,278.4
4,top_bun,1,3,278.4
4,down_bun,1,3,297.9
4,lettuce,1,4,297.9
4,meat,1,15,297.9
4,tomato,1,6,297.9
4,top_bun,1,3,297.9
4,down_bun,1,3,305.2
4,onion,1,5,305.2
4,lettuce,1,4,305.2
4,tomato,1,6,305.2
4,top_bun,1,3,305.2
4,down_bun,1,3,317.4
4,meat,1,15,317.4
4,lettuce,1,4,317.4
4,top_bun,1,3,317.4
4,down_bun,1,3,323.9
4,onion,2,10,323.9
4,top_bun,1,3,323.9
4.5,down_bun,1,3,334.8
4.5,onion,2,10,334.8
4.5,cheese,1,5,334.8
4.5,tomato,1,6,334.8
4.5,top_bun,1,3,334.8
4.5,down_bun,1,3,341.7
4.5,lettuce,1,4,341.7
4.5,tomato,1,6,341.7
4.5,top_bun,1,3,341.7
4.5,down_bun,1,3,354.8
4.5,lettuce,1,4,354.8
4.5,onion,1,5,354.8
4.5,cheese,1,5,354.8
4.5,top_bun,1,3,354.8
4.5,down_bun,1,3,372.2
4.5,meat,2,30,372.2
4.5,tomato,2,12,372.2
4.5,top_bun,1,3,372.2
4.5,down_bun,1,3,382.8
4.5,meat,1,15,382.8
4.5,cheese,3,15,382.8
4.5,top_bun,1,3,382.8
5,down_bun,1,3,390.2
5,meat,2,30,390.2
5,tomato,1,6,390.2
5,top_bun,1,3,390.2
5,down_bun,1,3,418.8
5,lettuce,2,8,418.8
5,cheese,1,5,418.8
5,top_bun,1,3,418.8
5,down_bun,1,3,425.2
5,lettuce,2,8,425.2
5,top_bun,1,3,425.2
5,down_bun,1,3,438.6
5,lettuce,2,8,438.6
5,meat,2,30,438.6
5,onion,1,5,438.6
5,top_bun,1,3,438.6
5.5,down_bun,1,3,454.7
5.5,onion,1,5,454.7
5.5,cheese,3,15,454.7
5.5,lettuce,1,4,454.7
5.5,top_bun,1,3,454.7
5.5,down_bun,1,3,463.1
5.5,tomato,2,12,463.1
5.5,top_bun,1,3,463.1
5.5,down_bun,1,3,471.3
5.5,lettuce,3,12,471.3
5.5,tomato,1,6,471.3
5.5,cheese,1,5,471.3
5.5,top_bun,1,3,471.3
5.5,down_bun,1,3,484.8
5.5,meat,2,30,484.8
5.5,onion,3,15,484.8
5.5,top_bun,1,3,484.8
5.5,down_bun,1,3,493.1
5.5,cheese,1,5,493.1
5.5,onion,1,5,493.1
5.5,top_bun,1,3,493.1
5.5,down_bun,1,3,504.3
5.5,lettuce,1,4,504.3
5.5,tomato,1,6,504.3
5.5,meat,1,15,504.3
5.5,cheese,2,10,504.3
5.5,top_bun,1,3,504.3
0.5,down_bun,1,3,34.4
0.5,lettuce,1,4,34.4
0.5,onion,1,5,34.4
0.5,tomato,1,6,34.4
0.5,top_bun,1,3,34.4
0.5,down_bun,1,3,56.5
0.5,lettuce,2,8,56.5
0.5,meat,2,30,56.5
0.5,top_bun,1,3,56.5
1,down_bun,1,3,65.2
1,meat,1,15,65.2
1,lettuce,2,8,65.2
1,cheese,1,5,65.2
1,top_bun,1,3,65.2
1,down_bun,1,3,73.2
1,cheese,1,5,73.2
1,lettuce,1,4,73.2
1,tomato,2,12,73.2
1,top_bun,1,3,73.2
1,down_bun,1,3,81.9
1,onion,1,5,81.9
1,lettuce,1,4,81.9
1,cheese,1,5,81.9
1,top_bun,1,3,81.9
1.5,down_bun,1,3,91.2
1.5,meat,2,30,91.2
1.5,onion,2,10,91.2
1.5,cheese,1,5,91.2
1.5,top_bun,1,3,91.2
1.5,down_bun,1,3,109.9
1.5,onion,1,5,109.9
1.5,lettuce,1,4,109.9
1.5,cheese,1,5,109.9
1.5,meat,1,15,109.9
1.5,top_bun,1,3,109.9
1.5,down_bun,1,3,118.2
1.5,onion,2,10,118.2
1.5,meat,2,30,118.2
1.5,top_bun,1,3,118.2
2.5,down_bun,1,3,150.6
2.5,cheese,1,5,150.6
2.5,lettuce,1,4,150.6
2.5,meat,1,15,150.6
2.5,top_bun,1,3,150.6
2.5,down_bun,1,3,165.3
2.5,meat,1,15,165.3
2.5,cheese,1,5,165.3
2.5,lettuce,1,4,165.3
2.5,tomato,1,6,165.3
2.5,top_bun,1,3,165.3
2.5,down_bun,1,3,172.6
2.5,tomato,1,6,172.6
2.5,lettuce,1,4,172.6
2.5,top_bun,1,3,172.6
3,down_bun,1,3,182.5
3,lettuce,2,8,182.5
3,tomato,1,6,182.5
3,top_bun,1,3,182.5
3.5,down_bun,1,3,38.4
3.5,tomato,2,12,38.4
3.5,top_bun,1,3,38.4
4,down_bun,1,3,60.7
4,meat,1,15,60.7
4,tomato,1,6,60.7
4,top_bun,1,3,60.7
4,down_bun,1,3,69.9
4,onion,1,5,69.9
4,tomato,2,12,69.9
4,top_bun,1,3,69.9
4,down_bun,1,3,78.5
4,lettuce,1,4,78.5
4,tomato,1,6,78.5
4,cheese,2,10,78.5
4,top_bun,1,3,78.5
4.5,down_bun,1,3,87.6
4.5,cheese,1,5,87.6
4.5,meat,1,15,87.6
4.5,onion,1,5,87.6
4.5,top_bun,1,3,87.6
4.5,down_bun,1,3,95.8
4.5,lettuce,2,8,95.8
4.5,tomato,1,6,95.8
4.5,onion,1,5,95.8
4.5,top_bun,1,3,95.8
5,down_bun,1,3,116.6
5,lettuce,2,8,116.6
5,tomato,1,6,116.6
5,meat,1,15,116.6
5,cheese,1,5,116.6
5,top_bun,1,3,116.6
5,down_bun,1,3,125.9
5,cheese,1,5,125.9
5,onion,1,5,125.9
5,meat,1,15,125.9
5,top_bun,1,3,125.9
5,down_bun,1,3,138.7
5,lettuce,3,12,138.7
5,tomato,1,6,138.7
5,cheese,1,5,138.7
5,top_bun,1,3,138.7
5.5,down_bun,1,3,151.9
5.5,onion,1,5,151.9
5.5,tomato,1,6,151.9
5.5,meat,2,30,151.9
5.5,lettuce,1,4,151.9
5.5,top_bun,1,3,151.9
5.5,down_bun,1,3,164.1
5.5,meat,2,30,164.1
5.5,tomato,1,6,164.1
5.5,onion,1,5,164.1
5.5,top_bun,1,3,164.1
0.5,down_bun,1,3,33.5
0.5,lettuce,3,12,33.5
0.5,cheese,1,5,33.5
0.5,tomato,1,6,33.5
0.5,top_bun,1,3,33.5
0.5,down_bun,1,3,55.5
0.5,meat,2,30,55.5
0.5,tomato,1,6,55.5
0.5,cheese,1,5,55.5
0.5,lettuce,1,4,55.5
0.5,top_bun,1,3,55.5
1,down_bun,1,3,64.4
1,meat,1,15,64.4
1,onion,1,5,64.4
1,cheese,1,5,64.4
1,tomato,1,6,64.4
1,top_bun,1,3,64.4
1,down_bun,1,3,72.5
1,cheese,2,10,72.5
1,lettuce,1,4,72.5
1,onion,1,5,72.5
1,top_bun,1,3,72.5
1,down_bun,1,3,82.6
1,cheese,1,5,82.6
1,tomato,2,12,82.6
1,meat,1,15,82.6
1,top_bun,1,3,82.6
1.5,down_bun,1,3,94.1
1.5,onion,1,5,94.1
1.5,tomato,1,6,94.1
1.5,cheese,1,5,94.1
1.5,lettuce,1,4,94.1
1.5,meat,1,15,94.1
1.5,top_bun,1,3,94.1
1.5,down_bun,1,3,103.5
1.5,onion,3,15,103.5
1.5,tomato,1,6,103.5
1.5,cheese,1,5,103.5
1.5,top_bun,1,3,103.5
1.5,down_bun,1,3,112.4
1.5,tomato,2,12,112.4
1.5,cheese,1,5,112.4
1.5,onion,1,5,112.4
1.5,top_bun,1,3,112.4
2,down_bun,1,3,126.4
2,cheese,2,10,126.4
2,meat,1,15,126.4
2,onion,1,5,126.4
2,lettuce,1,4,126.4
2,top_bun,1,3,126.4
2,down_bun,1,3,136.0
2,tomato,2,12,136.0
2,lettuce,1,4,136.0
2,top_bun,1,3,136.0
2,down_bun,1,3,145.4
2,lettuce,2,8,145.4
2,cheese,2,10,145.4
2,top_bun,1,3,145.4
2.5,down_bun,1,3,157.4
2.5,lettuce,2,8,157.4
2.5,onion,1,5,157.4
2.5,top_bun,1,3,157.4
2.5,down_bun,1,3,179.0
2.5,lettuce,1,4,179.0
2.5,meat,2,30,179.0
2.5,cheese,1,5,179.0
2.5,top_bun,1,3,179.0
3,down_bun,1,3,187.4
3,onion,4,20,187.4
3,top_bun,1,3,187.4
3,down_bun,1,3,203.4
3,tomato,2,12,203.4
3,meat,1,15,203.4
3,top_bun,1,3,203.4
3.5,down_bun,1,3,230.9
3.5,lettuce,2,8,230.9
3.5,tomato,1,6,230.9
3.5,meat,2,30,230.9
3.5,top_bun,1,3,230.9
3.5,down_bun,1,3,237.1
3.5,lettuce,2,8,237.1
3.5,top_bun,1,3,237.1
4,down_bun,1,3,251.5
4,onion,2,10,251.5
4,top_bun,1,3,251.5
4,down_bun,1,3,260.5
4,onion,2,10,260.5
4,lettuce,1,4,260.5
4,top_bun,1,3,260.5
4,down_bun,1,3,264.4
4,onion,1,5,264.4
4.5,down_bun,1,3,275.7
4.5,meat,1,15,275.7
4.5,lettuce,3,12,275.7
4.5,tomato,1,6,275.7
4.5,top_bun,1,3,275.7
5.5,down_bun,1,3,62.2
5.5,cheese,1,5,62.2
5.5,meat,1,15,62.2
5.5,onion,1,5,62.2
5.5,top_bun,1,3,62.2
5.5,down_bun,1,3,73.0
5.5,cheese,2,10,73.0
5.5,tomato,1,6,73.0
5.5,onion,1,5,73.0
5.5,top_bun,1,3,73.0
